t_pc,t_mcu_ms,gx_raw,gy_raw,gz_raw
1771261861.6111429,746967,0.0271835,-0.036041,-0.0114537
1771261861.611653,746981,0.0250455,-0.0297797,-0.0148135
1771261861.612111,746995,0.02474,-0.0323759,-0.013439
1771261861.612344,747009,0.0244346,-0.030696,-0.00916297
1771261861.6125782,747023,0.0241292,-0.0332921,-0.0160352
1771261861.6128142,747037,0.0222966,-0.0288634,-0.0138972
1771261861.613058,747051,0.0251982,-0.0326813,-0.0117592
1771261861.613298,747065,0.0273362,-0.0300851,-0.00946841
1771261861.613525,747079,0.0250455,-0.032834,-0.0138972
1771261861.613765,747092,0.0251982,-0.0285579,-0.0128282
1771261861.613994,747107,0.0270308,-0.030696,-0.0125227
1771261861.6142342,747121,0.0261145,-0.0325286,-0.00992656
1771261861.61447,747134,0.0235183,-0.030696,-0.0151189
1771261861.6146922,747149,0.02474,-0.0323759,-0.0148135
1771261861.614922,747163,0.0229074,-0.0337503,-0.0137445
1771261861.6151621,747176,0.0267254,-0.0284052,-0.0137445
1771261861.615401,747191,0.0255036,-0.0322231,-0.0116064
1771261861.6156511,747205,0.0242819,-0.0340557,-0.00931569
1771261861.615884,747218,0.0251982,-0.0314596,-0.0140499
1771261861.616126,747232,0.0239765,-0.0297797,-0.013439
1771261861.616357,747247,0.0230602,-0.0319177,-0.0149662
1771261861.616589,747260,0.0233656,-0.0314596,-0.0114537
1771261861.616828,747274,0.0235183,-0.0282525,-0.0140499
1771261861.6170602,747289,0.0239765,-0.0348193,-0.0108429
1771261861.617291,747302,0.0261145,-0.0352775,-0.0117592
1771261861.617525,747318,0.0253509,-0.0326813,-0.0177151
1771261861.61775,747333,0.0244346,-0.0334449,-0.0137445
1771261861.617976,747346,0.0256563,-0.0313068,-0.0128282
1771261861.618203,747360,0.0245873,-0.0299324,-0.0172569
1771261861.61843,747375,0.0239765,-0.0319177,-0.0155771
1771261861.618655,747388,0.0245873,-0.0329867,-0.0111483
1771261861.618877,747402,0.0239765,-0.0308487,-0.010232
1771261861.619107,747417,0.0250455,-0.0343612,-0.0114537
1771261861.619332,747430,0.0253509,-0.0331394,-0.0120646
1771261861.6195579,747444,0.0256563,-0.0308487,-0.0125227
1771261861.619782,747459,0.0251982,-0.0326813,-0.0158825
1771261861.620024,747472,0.0251982,-0.0314596,-0.0137445
1771261861.620223,747486,0.0239765,-0.0323759,-0.014508
1771261861.620497,747501,0.0250455,-0.0320704,-0.0138972
1771261861.620712,747514,0.0219911,-0.0326813,-0.0111483
1771261861.6209202,747528,0.0244346,-0.0320704,-0.0117592
1771261861.621127,747542,0.0253509,-0.0320704,-0.0140499
1771261861.6213171,747556,0.02474,-0.0335976,-0.0152716
1771261861.621519,747570,0.0251982,-0.0322231,-0.0154243
1771261861.621717,747584,0.0230602,-0.0325286,-0.0119119
1771261861.6219258,747598,0.0233656,-0.0326813,-0.0138972
1771261861.629729,747612,0.0227547,-0.0340557,-0.0125227
1771261861.64373,747626,0.0238237,-0.032834,-0.0131336
1771261861.657828,747640,0.0239765,-0.030696,-0.0131336
1771261861.671823,747654,0.0250455,-0.031765,-0.01237
1771261861.685631,747668,0.0244346,-0.032834,-0.013439
1771261861.699589,747681,0.023671,-0.0332921,-0.0140499
1771261861.713742,747696,0.02474,-0.030696,-0.014508
1771261861.727712,747710,0.0256563,-0.0323759,-0.0131336
1771261861.741663,747723,0.0256563,-0.0302378,-0.013439
1771261861.755662,747738,0.0245873,-0.0314596,-0.0129809
1771261861.7696052,747752,0.0251982,-0.0322231,-0.0125227
1771261861.785735,747765,0.0248928,-0.0326813,-0.00992656
1771261861.7996569,747782,0.02474,-0.033903,-0.0103847
1771261861.81372,747796,0.0273362,-0.032834,-0.0126754
1771261861.827595,747809,0.0259618,-0.0291688,-0.0167988
1771261861.8415759,747824,0.0259618,-0.0331394,-0.0138972
1771261861.855517,747838,0.0230602,-0.030696,-0.0122173
1771261861.869503,747852,0.0232129,-0.0314596,-0.0135917
1771261861.883486,747866,0.0245873,-0.0332921,-0.0117592
1771261861.8973892,747880,0.0248928,-0.034972,-0.013439
1771261861.911426,747894,0.0250455,-0.0310014,-0.0116064
1771261861.9254599,747908,0.025809,-0.032834,-0.0132863
1771261861.9394681,747922,0.0259618,-0.0345139,-0.0152716
1771261861.953404,747936,0.0256563,-0.0297797,-0.0126754
1771261861.9674282,747950,0.0248928,-0.0303905,-0.0140499
1771261861.981426,747964,0.0250455,-0.0314596,-0.0108429
1771261861.9953978,747977,0.0238237,-0.0323759,-0.0138972
1771261862.009394,747992,0.0244346,-0.033903,-0.0146608
1771261862.0235279,748005,0.0248928,-0.033903,-0.0129809
1771261862.037406,748019,0.0241292,-0.030696,-0.011301
1771261862.051543,748034,0.023671,-0.0308487,-0.00946841
1771261862.0655391,748047,0.0251982,-0.0311541,-0.00931569
1771261862.079495,748061,0.0256563,-0.0311541,-0.01237
1771261862.0933938,748076,0.0239765,-0.0313068,-0.0129809
1771261862.1072829,748089,0.0255036,-0.0305433,-0.0135917
1771261862.121242,748103,0.0255036,-0.0332921,-0.0140499
1771261862.135177,748117,0.0251982,-0.030696,-0.01237
1771261862.149384,748131,0.0245873,-0.0326813,-0.0125227
1771261862.163192,748145,0.0238237,-0.031765,-0.0120646
1771261862.17715,748159,0.02474,-0.0334449,-0.0120646
1771261862.191157,748173,0.0245873,-0.031765,-0.0148135
1771261862.2048278,748187,0.02474,-0.0299324,-0.0120646
1771261862.218865,748201,0.0241292,-0.030696,-0.0111483
1771261862.234727,748215,0.023671,-0.0308487,-0.0128282
1771261862.2487948,748231,0.0242819,-0.032834,-0.0132863
1771261862.2629051,748245,0.0245873,-0.0325286,-0.0111483
1771261862.276997,748259,0.0255036,-0.0331394,-0.0140499
1771261862.290899,748273,0.0255036,-0.032834,-0.014508
1771261862.3049338,748287,0.0255036,-0.031765,-0.0119119
1771261862.319055,748301,0.02474,-0.0334449,-0.0146608
1771261862.332999,748315,0.0245873,-0.0310014,-0.0111483
1771261862.346949,748329,0.0241292,-0.0313068,-0.0116064
1771261862.3608162,748342,0.02474,-0.031765,-0.01237
1771261862.3748322,748357,0.0241292,-0.0322231,-0.01237
1771261862.388957,748371,0.0248928,-0.0299324,-0.0129809
1771261862.402852,748384,0.025809,-0.0316123,-0.0143553
1771261862.4168499,748399,0.0255036,-0.0325286,-0.0126754
1771261862.430783,748413,0.0244346,-0.0310014,-0.0116064
1771261862.444771,748426,0.0232129,-0.0325286,-0.0129809
1771261862.4587462,748441,0.023671,-0.031765,-0.0111483
1771261862.4727411,748455,0.0242819,-0.0288634,-0.0117592
1771261862.4866939,748468,0.0232129,-0.0316123,-0.011301
1771261862.500553,748483,0.0245873,-0.0310014,-0.013439
1771261862.514595,748497,0.0253509,-0.0334449,-0.0164934
1771261862.528539,748510,0.0242819,-0.0340557,-0.0129809
1771261862.542505,748524,0.0256563,-0.0332921,-0.010232
1771261862.55642,748539,0.0250455,-0.030696,-0.0109956
1771261862.570389,748552,0.022602,-0.0299324,-0.00946841
1771261862.584297,748566,0.0238237,-0.0320704,-0.0132863
1771261862.598289,748581,0.0245873,-0.0334449,-0.0140499
1771261862.612226,748594,0.0245873,-0.0310014,-0.0108429
1771261862.6261811,748608,0.0248928,-0.0326813,-0.0135917
1771261862.6401331,748622,0.0255036,-0.0314596,-0.0103847
1771261862.6540859,748636,0.0248928,-0.0332921,-0.0142026
1771261862.668109,748650,0.0251982,-0.0319177,-0.0158825
1771261862.683902,748664,0.0250455,-0.0326813,-0.0125227
1771261862.698022,748680,0.0245873,-0.0299324,-0.0111483
1771261862.7120519,748694,0.0239765,-0.0293215,-0.013439
1771261862.725792,748708,0.0253509,-0.0311541,-0.0109956
1771261862.7397819,748722,0.0253509,-0.0314596,-0.0119119
1771261862.753837,748736,0.0255036,-0.0313068,-0.0137445
1771261862.767713,748750,0.025809,-0.0323759,-0.0128282
1771261862.781832,748764,0.0239765,-0.0308487,-0.0106901
1771261862.7958982,748778,0.0248928,-0.0313068,-0.0122173
1771261862.80966,748792,0.0248928,-0.0314596,-0.0117592
1771261862.82403,748806,0.025809,-0.0299324,-0.0119119
1771261862.838033,748820,0.0255036,-0.0323759,-0.0126754
1771261862.8520708,748834,0.0256563,-0.0342084,-0.0125227
1771261862.866014,748848,0.02474,-0.0313068,-0.0146608
1771261862.880018,748862,0.0251982,-0.031765,-0.00870483
1771261862.893919,748876,0.0235183,-0.0323759,-0.011301
1771261862.907609,748890,0.0244346,-0.0313068,-0.0100793
1771261862.92153,748904,0.0235183,-0.0310014,-0.0125227
1771261862.9355159,748918,0.0250455,-0.0303905,-0.0131336
1771261862.949484,748931,0.0239765,-0.0337503,-0.0117592
1771261862.963534,748946,0.0253509,-0.0326813,-0.0100793
1771261862.977536,748960,0.0245873,-0.0302378,-0.0135917
1771261862.9914,748973,0.0248928,-0.0316123,-0.0114537
1771261863.005347,748988,0.02474,-0.0332921,-0.0105374
1771261863.019396,749002,0.0253509,-0.0308487,-0.0132863
1771261863.033416,749015,0.0239765,-0.0311541,-0.0132863
1771261863.0473092,749030,0.0250455,-0.0355829,-0.0154243
1771261863.061378,749044,0.0261145,-0.032834,-0.0119119
1771261863.075346,749057,0.0245873,-0.0331394,-0.0120646
1771261863.089306,749072,0.0238237,-0.0345139,-0.0143553
1771261863.103392,749086,0.0239765,-0.0302378,-0.014508
1771261863.1172,749099,0.0235183,-0.0310014,-0.0103847
1771261863.131156,749113,0.0248928,-0.0287107,-0.00977384
1771261863.147163,749128,0.0253509,-0.0290161,-0.0128282
1771261863.1612082,749143,0.0256563,-0.0326813,-0.0129809
1771261863.175482,749157,0.0245873,-0.0329867,-0.010232
1771261863.189416,749172,0.0232129,-0.0319177,-0.013439
1771261863.2033541,749185,0.0229074,-0.0335976,-0.00946841
1771261863.217282,749200,0.0241292,-0.0337503,-0.0120646
1771261863.2312489,749214,0.0233656,-0.0279471,-0.0142026
1771261863.245099,749227,0.0242819,-0.0316123,-0.0100793
1771261863.259083,749241,0.0250455,-0.0310014,-0.0129809
1771261863.2730272,749255,0.0250455,-0.0294742,-0.0140499
1771261863.286889,749269,0.0262672,-0.0305433,-0.0119119
1771261863.300881,749283,0.0248928,-0.0337503,-0.0100793
1771261863.3149672,749297,0.0239765,-0.032834,-0.011301
1771261863.328932,749311,0.0244346,-0.0310014,-0.0126754
1771261863.342925,749325,0.02474,-0.0288634,-0.0117592
1771261863.356822,749339,0.0239765,-0.0320704,-0.0103847
1771261863.370709,749353,0.02474,-0.0310014,-0.0140499
1771261863.384897,749367,0.0250455,-0.0310014,-0.0131336
1771261863.398813,749380,0.0255036,-0.0305433,-0.0143553
1771261863.412834,749395,0.0253509,-0.032834,-0.0128282
1771261863.4268138,749409,0.0242819,-0.0311541,-0.0128282
1771261863.440722,749422,0.0235183,-0.0311541,-0.011301
1771261863.45474,749437,0.0239765,-0.0308487,-0.0103847
1771261863.468648,749451,0.0251982,-0.0313068,-0.0122173
1771261863.4825978,749464,0.025809,-0.0302378,-0.0125227
1771261863.496541,749478,0.0203113,-0.0297797,-0.0114537
1771261863.5105228,749493,0.0218384,-0.0323759,-0.0105374
1771261863.524448,749506,0.0282525,-0.0342084,-0.0138972
1771261863.5384,749520,0.0276416,-0.0299324,-0.0161879
1771261863.5524118,749535,0.025809,-0.0319177,-0.0108429
1771261863.566414,749548,0.0227547,-0.034972,-0.00610865
1771261863.58055,749562,0.0198531,-0.0361938,-0.00519235
1771261863.596276,749577,0.022602,-0.0305433,-0.0119119
1771261863.610325,749592,0.0241292,-0.0320704,-0.0146608
1771261863.624439,749606,0.0271835,-0.0293215,-0.0158825
1771261863.638478,749621,0.0253509,-0.0293215,-0.0154243
1771261863.652541,749634,0.0259618,-0.032834,-0.00916297
1771261863.666494,749648,0.02474,-0.034972,-0.00839939
1771261863.680418,749663,0.0222966,-0.0335976,-0.0106901
1771261863.6942668,749676,0.022602,-0.0291688,-0.0108429
1771261863.708247,749690,0.0222966,-0.0320704,-0.00794125
1771261863.7221801,749704,0.0253509,-0.0300851,-0.0157298
1771261863.736203,749718,0.0264199,-0.030696,-0.0181732
1771261863.750001,749732,0.0274889,-0.0348193,-0.0140499
1771261863.764076,749746,0.0251982,-0.0319177,-0.00977384
1771261863.778029,749760,0.0238237,-0.0303905,-0.0154243
1771261863.7920241,749774,0.0238237,-0.0325286,-0.00901026
1771261863.806119,749788,0.0232129,-0.0326813,-0.0129809
1771261863.82054,749802,0.023671,-0.0322231,-0.0126754
1771261863.834518,749816,0.0255036,-0.0335976,-0.0143553
1771261863.848535,749831,0.025809,-0.0343612,-0.0155771
1771261863.862536,749844,0.0265726,-0.0329867,-0.0135917
1771261863.876433,749858,0.025809,-0.0297797,-0.0152716
1771261863.890342,749873,0.0230602,-0.0311541,-0.0105374
1771261863.904373,749886,0.022602,-0.031765,-0.00977384
1771261863.918358,749900,0.0218384,-0.0319177,-0.0116064
1771261863.9322739,749915,0.0248928,-0.0320704,-0.0122173
1771261863.9462552,749928,0.0264199,-0.0361938,-0.0160352
1771261863.960188,749942,0.0265726,-0.0329867,-0.0117592
1771261863.97415,749956,0.0268781,-0.0325286,-0.0140499
1771261863.988168,749970,0.0259618,-0.0299324,-0.0142026
1771261864.002156,749984,0.0232129,-0.029627,-0.0105374
1771261864.016138,749998,0.0227547,-0.0310014,-0.0106901
1771261864.0300648,750012,0.0238237,-0.0323759,-0.0106901
1771261864.045896,750026,0.0255036,-0.0326813,-0.0137445
1771261864.059938,750042,0.0259618,-0.0345139,-0.0149662
1771261864.074094,750056,0.0259618,-0.0331394,-0.0167988
1771261864.088238,750070,0.0245873,-0.032834,-0.0109956
1771261864.102238,750085,0.0232129,-0.0308487,-0.00855211
1771261864.116228,750098,0.0213803,-0.0288634,-0.00931569
1771261864.1301918,750112,0.0222966,-0.030696,-0.0126754
1771261864.1442502,750127,0.0253509,-0.0343612,-0.0143553
1771261864.158394,750140,0.025809,-0.0354302,-0.0174097
1771261864.172172,750154,0.0261145,-0.0320704,-0.0142026
1771261864.186153,750168,0.0250455,-0.0319177,-0.0137445
1771261864.2000818,750182,0.0233656,-0.0337503,-0.0108429
1771261864.214018,750196,0.0218384,-0.0313068,-0.0105374
1771261864.227999,750210,0.0224493,-0.0293215,-0.00855211
1771261864.241962,750224,0.0250455,-0.0311541,-0.0138972
1771261864.255771,750238,0.0259618,-0.0325286,-0.0137445
1771261864.26988,750252,0.0256563,-0.0313068,-0.0138972
1771261864.283744,750266,0.0248928,-0.0329867,-0.0119119
1771261864.297926,750280,0.02474,-0.0288634,-0.010232
1771261864.311906,750294,0.0201585,-0.0297797,-0.011301
1771261864.325922,750308,0.0219911,-0.0337503,-0.00717767
1771261864.339811,750322,0.0239765,-0.0316123,-0.0149662
1771261864.353795,750336,0.0261145,-0.0326813,-0.0148135
1771261864.3677619,750350,0.0274889,-0.0326813,-0.0158825
1771261864.3817759,750364,0.0261145,-0.0299324,-0.0126754
1771261864.395633,750378,0.02474,-0.0311541,-0.0120646
1771261864.40958,750391,0.0230602,-0.0363465,-0.0181732
1771261864.4236522,750406,0.0227547,-0.0297797,-0.00977384
1771261864.437602,750420,0.0221439,-0.0335976,-0.0117592
1771261864.451572,750433,0.0244346,-0.0322231,-0.013439
1771261864.46561,750448,0.0277944,-0.0325286,-0.0135917
1771261864.479624,750462,0.0264199,-0.0334449,-0.0131336
1771261864.49359,750475,0.0250455,-0.0311541,-0.0152716
1771261864.509557,750490,0.0250455,-0.032834,-0.0117592
1771261864.523639,750505,0.0232129,-0.030696,-0.0114537
1771261864.537668,750519,0.0232129,-0.0314596,-0.0122173
1771261864.5517042,750534,0.023671,-0.0329867,-0.00931569
1771261864.565618,750547,0.0251982,-0.0305433,-0.0128282
1771261864.579597,750561,0.0244346,-0.0314596,-0.0151189
1771261864.593605,750576,0.0265726,-0.0326813,-0.0122173
1771261864.607685,750589,0.0244346,-0.0294742,-0.00977384
1771261864.6216378,750604,0.0230602,-0.0311541,-0.0140499
1771261864.635637,750618,0.0233656,-0.0334449,-0.0148135
1771261864.6496599,750631,0.0239765,-0.0319177,-0.0117592
1771261864.6636028,750645,0.0250455,-0.0335976,-0.0129809
1771261864.677564,750660,0.0248928,-0.0313068,-0.014508
1771261864.6915772,750673,0.0256563,-0.0297797,-0.0114537
1771261864.705494,750687,0.02474,-0.0294742,-0.0119119
1771261864.7195132,750702,0.02474,-0.0311541,-0.0125227
1771261864.733433,750715,0.0238237,-0.0323759,-0.0131336
1771261864.747361,750729,0.0232129,-0.0316123,-0.0135917
1771261864.7612789,750744,0.0250455,-0.0303905,-0.0128282
1771261864.7752588,750757,0.0251982,-0.032834,-0.0109956
1771261864.789023,750771,0.02474,-0.0329867,-0.0109956
1771261864.8030562,750785,0.0245873,-0.032834,-0.0126754
1771261864.817046,750799,0.0241292,-0.0311541,-0.0117592
1771261864.831032,750813,0.02474,-0.0322231,-0.0171042
1771261864.8452759,750827,0.0244346,-0.0334449,-0.0119119
1771261864.859212,750841,0.0276416,-0.0293215,-0.0138972
1771261864.873148,750855,0.0248928,-0.0293215,-0.00946841
1771261864.887137,750869,0.0268781,-0.0285579,-0.0125227
1771261864.9010592,750883,0.0250455,-0.0319177,-0.0143553
1771261864.915037,750897,0.0248928,-0.0322231,-0.0109956
1771261864.9289632,750911,0.0235183,-0.029627,-0.0116064
1771261864.942988,750925,0.0242819,-0.0319177,-0.0125227
1771261864.958805,750939,0.0232129,-0.0302378,-0.0114537
1771261864.972907,750955,0.0259618,-0.0293215,-0.0152716
1771261864.987,750968,0.0264199,-0.0343612,-0.0135917
1771261865.001046,750983,0.0250455,-0.0340557,-0.0129809
1771261865.015056,750997,0.0251982,-0.0305433,-0.0148135
1771261865.029025,751011,0.0259618,-0.032834,-0.013439
1771261865.042998,751025,0.0244346,-0.0320704,-0.0116064
1771261865.05695,751039,0.0242819,-0.0326813,-0.0103847
1771261865.0708961,751053,0.0239765,-0.031765,-0.0108429
1771261865.0848389,751067,0.02474,-0.0310014,-0.0138972
1771261865.0988212,751081,0.0242819,-0.0303905,-0.013439
1771261865.1128058,751094,0.0255036,-0.0305433,-0.0108429
1771261865.1267421,751109,0.0250455,-0.0313068,-0.0119119
1771261865.140605,751123,0.02474,-0.0329867,-0.011301
1771261865.154706,751136,0.0253509,-0.0310014,-0.00794125
1771261865.168548,751151,0.0224493,-0.0316123,-0.011301
1771261865.182535,751165,0.0238237,-0.0285579,-0.01237
1771261865.196527,751178,0.0256563,-0.030696,-0.0105374
1771261865.210523,751192,0.0239765,-0.0316123,-0.0129809
1771261865.224409,751207,0.0229074,-0.0357356,-0.0140499
1771261865.238296,751220,0.02474,-0.0302378,-0.0105374
1771261865.2522612,751234,0.025809,-0.031765,-0.01237
1771261865.266322,751249,0.0241292,-0.0288634,-0.0143553
1771261865.280267,751262,0.0250455,-0.0284052,-0.0122173
1771261865.294276,751276,0.021533,-0.0366519,-0.00733038
1771261865.308022,751291,0.0216857,-0.0322231,-0.00839939
1771261865.322026,751304,0.0279471,-0.0348193,-0.0109956
1771261865.335946,751318,0.0256563,-0.0363465,-0.011301
1771261865.349998,751333,0.0259618,-0.0261145,-0.0195477
1771261865.364146,751346,0.0232129,-0.0363465,-0.00931569
1771261865.37817,751360,0.0233656,-0.0325286,-0.0119119
1771261865.392119,751374,0.0238237,-0.029627,-0.0120646
1771261865.407976,751388,0.0224493,-0.030696,-0.0126754
1771261865.422122,751404,0.0268781,-0.0297797,-0.0143553
1771261865.4361842,751418,0.0255036,-0.0322231,-0.00992656
1771261865.450124,751432,0.0261145,-0.033903,-0.013439
1771261865.4641972,751446,0.0245873,-0.034972,-0.0120646
1771261865.478183,751461,0.0233656,-0.0331394,-0.0100793
1771261865.492089,751474,0.0232129,-0.0332921,-0.0131336
1771261865.505972,751488,0.0235183,-0.0335976,-0.01237
1771261865.5200481,751502,0.0245873,-0.0302378,-0.0149662
1771261865.533966,751516,0.0251982,-0.031765,-0.0152716
1771261865.5479,751530,0.0282525,-0.0310014,-0.0125227
1771261865.561748,751544,0.0238237,-0.0322231,-0.011301
1771261865.575745,751558,0.0239765,-0.0322231,-0.0106901
1771261865.589687,751572,0.0216857,-0.0319177,-0.0100793
1771261865.603585,751586,0.0235183,-0.0313068,-0.0119119
1771261865.617617,751599,0.023671,-0.030696,-0.0149662
1771261865.6315362,751614,0.0259618,-0.0310014,-0.0149662
1771261865.645536,751628,0.0264199,-0.033903,-0.0135917
1771261865.6595268,751641,0.0270308,-0.0325286,-0.0119119
1771261865.6735082,751656,0.0259618,-0.0300851,-0.0114537
1771261865.687451,751670,0.0238237,-0.0311541,-0.00778853
1771261865.701327,751683,0.0227547,-0.0316123,-0.0114537
1771261865.715318,751697,0.246179,0.700968,-0.534049
1771261865.7292428,751712,-0.765414,2.1278,-0.936914
1771261865.743215,751725,-0.73991,-1.70492,3.47811
1771261865.7571871,751739,0.207389,-2.80738,3.48804
1771261865.771156,751754,-0.531758,-1.6388,4.23375
1771261865.7851279,751767,-0.58643,-2.48546,3.6881
1771261865.79908,751781,0.933554,3.32387,-2.95857
1771261865.813026,751796,-0.277485,1.71653,-1.98775
1771261865.826884,751809,-2.96285,-4.01537,2.07037
1771261865.8409972,751823,-0.543365,-2.3471,-0.828486
1771261865.854945,751838,-1.21806,-2.17361,-0.98838
1771261865.870792,751851,-0.857807,-1.49097,-0.912174
1771261865.8847842,751867,-0.826195,-1.88253,-0.574824
1771261865.898748,751880,-1.91919,-2.0664,1.53862
1771261865.912683,751895,-3.2049,-1.91995,2.42284
1771261865.926618,751909,-4.04332,-0.494648,2.35901
1771261865.9405289,751922,-4.04057,-1.65605,0.870636
1771261865.95447,751936,-4.90677,-1.28068,0.45876
1771261865.968363,751951,-5.0036,-1.95492,-0.618196
1771261865.982229,751964,-5.0036,-2.16017,-0.939052
1771261865.996022,751978,-5.0036,-1.95278,-1.18202
1771261866.009933,751992,-4.96984,-1.56947,-1.10047
1771261866.023803,752005,-5.0036,-1.4447,-0.635452
1771261866.037718,752020,-5.0036,-1.12246,0.273362
1771261866.051611,752034,-5.0036,-1.01251,0.298102
1771261866.0655,752047,-5.00176,-0.410654,0.342543
1771261866.079486,752061,-5.00344,0.328951,-0.504117
1771261866.093368,752076,-4.81423,0.418137,-0.881173
1771261866.107263,752089,-4.24734,0.938747,-1.19852
1771261866.121305,752103,-4.08623,0.591928,-0.528398
1771261866.135214,752118,-4.09402,0.913396,0.0823141
1771261866.149117,752131,-4.09982,-0.124464,0.101404
1771261866.163095,752145,-4.16885,-0.0733038,0.276416
1771261866.1769788,752159,-4.46283,-0.274584,0.348651
1771261866.190892,752173,-3.70108,-0.415694,0.505796
1771261866.204845,752187,-3.29149,-0.415541,0.532216
1771261866.218815,752201,0.0736092,-2.93124,-0.533896
1771261866.2326999,752214,-0.260229,-4.24383,-0.918588
1771261866.246651,752229,-1.67759,-1.15942,-0.520304
1771261866.2604868,752243,1.12369,4.53002,-1.26327
1771261866.2744331,752256,2.94101,4.96786,-1.99295
1771261866.288235,752270,4.24261,5.0036,-2.94819
1771261866.302114,752285,4.42556,5.0036,-2.07786
1771261866.317776,752298,4.54774,5.0036,-0.290008
1771261866.331927,752314,4.33821,5.0036,0.487776
1771261866.345939,752328,4.79102,5.0036,1.02915
1771261866.359963,752342,5.0036,5.0036,1.07925
1771261866.374002,752356,5.0036,5.0036,0.901026
1771261866.387933,752370,5.0036,5.0036,0.332005
1771261866.401852,752384,4.98741,5.0036,0.312457
1771261866.4158568,752398,4.32385,4.88601,0.410196
1771261866.4294589,752412,1.68248,2.89565,0.70616
1771261866.4436932,752425,1.28007,2.57556,0.582918
1771261866.457636,752440,2.8251,4.93044,-0.134696
1771261866.4713972,752454,4.11341,5.0036,0.181274
1771261866.485544,752467,4.43992,5.0036,0.831387
1771261866.499418,752482,3.16153,5.0036,1.57252
1771261866.513223,752496,2.3894,5.0036,1.52457
1771261866.527112,752509,1.35826,5.0036,1.44943
1771261866.540962,752523,1.22417,5.0036,1.49769
1771261866.554826,752537,1.34344,5.0036,1.28007
1771261866.568624,752551,2.6313,5.0036,1.25915
1771261866.582498,752565,3.03233,5.0036,1.56504
1771261866.59641,752579,2.39138,5.0036,1.76067
1771261866.610446,752592,0.921185,5.0036,0.954477
1771261866.624338,752606,0.544434,5.0036,0.198684
1771261866.6382961,752621,0.415694,4.65357,-0.466243
1771261866.652286,752634,0.565661,3.41107,-0.389427
1771261866.666233,752648,0.954477,2.41429,-0.147677
1771261866.680212,752663,1.12475,0.975857,0.143095
1771261866.69415,752676,1.18508,0.673173,0.384539
1771261866.70815,752690,1.17057,-0.546419,0.593608
1771261866.7220979,752704,1.09268,-1.6249,0.295964
1771261866.736085,752718,1.17821,-2.33182,-0.0841467
1771261866.749894,752732,1.12491,-3.01828,-1.20279
1771261866.763853,752746,0.735482,-4.67541,-1.77838
1771261866.7777998,752759,-0.123395,-5.0036,-3.06685
1771261866.793679,752774,-0.600327,-5.0036,-3.62961
1771261866.8075788,752790,-2.82143,-5.0036,-3.07632
1771261866.8215601,752803,-4.59783,-5.0036,-1.33825
1771261866.8353212,752818,-4.94236,-5.0036,-0.492205
1771261866.84933,752832,-2.99599,-5.0036,-1.46363
1771261866.863158,752845,-3.01493,-5.0036,-2.19545
1771261866.877192,752859,-4.91975,-5.0036,-2.68643
1771261866.8910131,752874,-5.0036,-5.0036,-2.74278
1771261866.904907,752887,-5.0036,-5.0036,-2.49844
1771261866.9187012,752901,-5.0036,-5.0036,-1.34039
1771261866.932586,752915,-5.0036,-5.0036,-0.406531
1771261866.9464262,752928,-5.0036,-5.0036,1.01113
1771261866.960316,752943,-5.0036,-5.0036,1.14904
1771261866.974168,752957,-5.0036,-5.0036,1.59207
1771261866.988045,752970,-5.0036,-5.0036,1.78525
1771261867.001906,752984,-5.0036,-5.0036,1.13453
1771261867.015881,752998,-5.0036,-5.0036,0.532063
1771261867.029851,753012,-5.0036,-5.0036,0.828486
1771261867.0436962,753026,-5.0036,-5.0036,1.09055
1771261867.057529,753040,-4.33638,-4.95152,1.90391
1771261867.071436,753053,-2.94971,-4.08394,1.97386
1771261867.085216,753067,-1.52182,-2.45155,2.02838
1771261867.0990531,753082,-1.00228,-1.36147,3.70459
1771261867.1129248,753095,-1.17668,-2.50745,4.44801
1771261867.12677,753109,-2.37459,-3.34326,4.04851
1771261867.140615,753123,-2.10596,-3.89976,4.29331
1771261867.154442,753136,-2.069,-3.48835,4.28064
1771261867.168319,753151,-2.25867,-2.52333,3.55004
1771261867.182185,753165,-1.34222,-2.06946,3.556
1771261867.1959958,753178,-0.301157,-2.98621,3.39702
1771261867.20975,753192,-0.0939205,-4.85913,4.55491
1771261867.223946,753206,-0.290161,-5.0036,4.99336
1771261867.2396271,753220,1.45004,-5.0036,4.57798
1771261867.253664,753236,2.142,-5.0036,4.15511
1771261867.2677171,753250,1.83229,-4.83821,3.58761
1771261867.281634,753263,1.33505,-4.48237,3.11572
1771261867.295567,753278,0.909883,-4.63005,2.90802
1771261867.3094459,753292,1.88834,-5.0036,2.82388
1771261867.323298,753305,2.215,-5.0036,3.04486
1771261867.3368971,753319,2.00761,-5.0036,1.7909
1771261867.350997,753334,1.86008,-5.00329,0.725708
1771261867.364955,753347,2.02334,-4.99245,-0.476627
1771261867.378845,753361,1.98073,-5.0036,-1.95324
1771261867.3927639,753375,2.09649,-4.98832,-2.71468
1771261867.406562,753389,2.17712,-4.72535,-4.31958
1771261867.420473,753403,2.38344,-4.72031,-4.8634
1771261867.4342349,753417,2.36298,-4.9054,-5.00207
1771261867.4481,753430,2.81135,-4.98924,-5.0036
1771261867.461942,753444,2.7466,-5.0036,-5.0036
1771261867.475832,753458,2.44774,-4.21589,-5.0036
1771261867.489781,753472,2.63008,-2.36649,-5.0036
1771261867.503736,753486,3.39641,-0.664316,-5.0036
1771261867.517636,753500,5.0036,2.00639,-5.0036
1771261867.5314848,753513,5.0036,2.16842,-5.0036
1771261867.545465,753528,5.0036,0.539394,-5.0036
1771261867.5594492,753542,5.0036,-0.638659,-5.0036
1771261867.5734231,753555,5.0036,-0.94058,-5.0036
1771261867.5871942,753569,5.0036,-2.2069,-5.0036
1771261867.601059,753584,5.0036,-1.55144,-5.0036
1771261867.615009,753597,5.0036,-0.520915,-5.0036
1771261867.628962,753611,5.0036,-0.957378,-5.00069
1771261867.642839,753625,5.0036,-1.92392,-4.17022
1771261867.656703,753639,4.36478,-3.91702,-2.15208
1771261867.6705751,753653,4.02911,-4.0398,-2.28479
1771261867.6844969,753667,3.348,-3.82478,-2.04365
1771261867.698436,753680,1.52319,-3.10884,-1.71852
1771261867.7142558,753694,1.33352,-2.59434,-2.05266
1771261867.7282019,753711,2.46851,-0.847728,-3.19162
1771261867.742228,753724,2.69483,0.207389,-3.23056
1771261867.756182,753738,3.1232,0.859335,-3.66137
1771261867.7701252,753753,3.22888,0.815963,-3.96711
1771261867.7840629,753766,3.5027,0.491594,-4.14487
1771261867.7980201,753780,3.20231,-0.259007,-4.15312
1771261867.811938,753794,2.27517,-0.575282,-4.05309
1771261867.826079,753808,1.86574,-1.94499,-3.7979
1771261867.839958,753822,1.96134,-2.52318,-3.25729
1771261867.8537579,753836,1.94744,-2.99431,-2.46759
1771261867.867777,753850,0.872315,-2.73805,-0.953255
1771261867.882096,753864,0.334754,-2.42681,-0.0251982
1771261867.895893,753878,-0.412181,-1.9172,0.740979
1771261867.909771,753892,-0.217926,-2.16659,1.09055
1771261867.923677,753906,1.35444,-2.79944,0.417374
1771261867.937609,753920,3.65435,-1.70126,-0.804662
1771261867.951627,753933,3.99827,-0.897972,-0.0155771
1771261867.965508,753948,3.08594,0.586736,1.86375
1771261867.979491,753962,2.30052,0.94455,3.24293
1771261867.99345,753975,1.29977,0.911411,4.53231
1771261868.007466,753990,-0.6269,-0.54703,4.97259
1771261868.0212858,754004,-3.11129,-1.1246,4.39334
1771261868.035151,754017,-4.86279,-1.65483,4.39487
1771261868.0490398,754031,-4.13159,-2.06518,4.11311
1771261868.062839,754045,-2.22538,-2.47278,3.41489
1771261868.07684,754059,0.353538,-1.80908,-0.625526
1771261868.0907571,754073,0.39019,-1.38789,-1.237
1771261868.104737,754087,0.106596,-1.26816,-0.492815
1771261868.1187599,754101,-0.484874,-1.2228,-0.83658
1771261868.132573,754115,0.0200058,-1.32756,-1.05252
1771261868.1464992,754129,1.24846,-2.02548,-1.86512
1771261868.16222,754142,1.49463,-2.59572,-1.47768
1771261868.1762428,754158,1.19439,-2.6901,0.57742
1771261868.1902962,754172,1.08551,-3.30493,1.3129
1771261868.204399,754186,0.716087,-4.09142,2.38222
1771261868.218324,754200,-0.325133,-4.36738,3.35625
1771261868.232183,754214,-0.13775,-3.9242,2.35763
1771261868.24618,754228,1.10093,-3.64213,0.136681
1771261868.2599292,754242,1.71928,-3.28676,-1.14262
1771261868.273875,754255,1.99585,-2.87122,-2.29991
1771261868.287793,754270,2.56456,-3.7249,-4.04164
1771261868.3016582,754284,2.78753,-2.39474,-3.77698
1771261868.315647,754297,2.29563,-0.190895,-3.25469
1771261868.329481,754311,2.43262,-1.02977,-2.89413
1771261868.34328,754326,1.92423,-2.61465,-1.17469
1771261868.357235,754339,0.9586,-2.71071,-0.602618
1771261868.370945,754353,1.69698,-1.75166,-0.507782
1771261868.384795,754367,1.97462,0.184481,1.16782
1771261868.398876,754380,1.24708,1.89292,0.585972
1771261868.4128032,754395,0.196699,2.69132,0.502284
1771261868.426616,754409,-1.40148,1.13972,2.23852
1771261868.4405508,754422,-1.30954,0.110414,0.74892
1771261868.45468,754436,-0.853378,-0.624457,-3.87518
1771261868.468457,754451,-1.12659,-0.414166,-4.5485
1771261868.482453,754464,-1.45477,0.113163,-3.87044
1771261868.496263,754478,-2.21362,1.80938,-1.78281
1771261868.510198,754493,-2.56456,2.64398,-1.07634
1771261868.524072,754506,-2.80127,3.04974,-0.320399
1771261868.5379689,754520,-3.04409,2.97613,-0.583834
1771261868.551858,754534,-3.27714,1.63284,0.400728
1771261868.565652,754547,-2.38008,-2.19881,2.33167
1771261868.579504,754562,-1.93843,-3.24171,1.91155
1771261868.593353,754576,-1.78388,-3.66397,1.47157
1771261868.607455,754589,-0.655458,-3.18688,0.598648
1771261868.623261,754603,0.370032,-2.57006,-0.16921
1771261868.637318,754620,1.88162,-1.84894,0.0655153
1771261868.651446,754633,2.25226,-2.2883,0.239459
1771261868.6652548,754647,2.59404,-3.44574,0.112246
1771261868.679233,754662,1.5122,-2.87427,-0.0161879
1771261868.693383,754675,0.587499,-2.13513,0.609643
1771261868.707238,754689,-0.402407,-1.1159,0.773966
1771261868.721233,754704,-0.83826,-0.394008,0.173028
1771261868.735142,754717,-1.20692,0.914923,-0.673021
1771261868.7489762,754731,-1.28404,2.04151,-1.62047
1771261868.762753,754745,-1.51464,3.06776,-2.23867
1771261868.776617,754758,-2.0128,4.55736,-1.11972
1771261868.7904809,754773,-1.98775,4.9703,0.299629
1771261868.804427,754787,-1.96699,4.69816,2.78035
1771261868.8183308,754800,-1.89643,3.42146,4.21894
1771261868.832285,754814,-1.60856,2.47156,3.64274
1771261868.846345,754829,-1.03771,1.24281,-0.0933096
1771261868.8602219,754842,-0.951423,0.815352,-1.94805
1771261868.87417,754856,-0.237016,-0.549168,-3.65084
1771261868.8878899,754870,0.3514,-1.47356,-3.48605
1771261868.901741,754884,1.03511,-2.68246,-2.17972
1771261868.915822,754898,2.36603,-4.88158,2.07969
1771261868.929631,754912,2.73637,-4.99077,2.90482
1771261868.943563,754925,2.20079,-4.17817,0.784045
1771261868.957474,754940,1.32069,-2.8028,-0.412945
1771261868.971294,754954,1.36177,-1.81228,-1.81824
1771261868.985298,754967,0.718072,-0.136834,-2.83335
1771261868.9992719,754981,-0.166461,0.160963,-1.46913
1771261869.0132532,754996,-0.539394,0.351706,0.20464
1771261869.0272,755009,-0.799622,-0.506407,2.87611
1771261869.04104,755023,-1.19562,0.11973,2.28112
1771261869.0551438,755037,-1.43309,0.882547,-0.514501
1771261869.070682,755051,-1.18187,1.43324,-1.39674
1771261869.08477,755067,-0.966847,2.0212,-1.40423
1771261869.098832,755081,-0.530994,2.0041,-0.953102
1771261869.11293,755095,-0.041997,1.87826,-0.539547
1771261869.126934,755109,1.19943,1.11788,-0.394619
1771261869.140939,755123,1.43813,0.977537,-0.405156
1771261869.154929,755137,0.79611,1.23883,-0.429133
1771261869.168948,755151,0.261908,1.40942,-0.768926
1771261869.1828969,755165,-0.412181,2.08259,-1.40377
1771261869.1967082,755179,-1.15453,1.60276,-0.311388
1771261869.2105489,755193,1.1356,-1.00044,2.30327
1771261869.224458,755207,1.1834,-1.75761,3.51476
1771261869.2384121,755220,0.884533,-1.1753,4.25559
1771261869.252372,755234,-0.159894,-2.26173,4.99733
1771261869.266241,755249,-0.350636,-0.642324,3.30631
1771261869.280163,755262,-0.28451,-0.225867,1.60199
1771261869.294162,755276,-0.671188,0.434172,-0.822683
1771261869.307791,755291,-1.20096,0.597579,-2.37336
1771261869.322021,755304,-2.33839,0.793972,-4.13693
1771261869.335906,755318,-5.00237,0.464563,-1.67652
1771261869.3497431,755332,-5.0036,-3.18597,-2.95949
1771261869.363637,755345,-3.15771,-0.0485638,1.40636
1771261869.3775628,755360,-3.79256,-1.46379,-1.45569
1771261869.391535,755374,-1.55129,-3.74781,-0.578336
1771261869.405271,755387,1.0151,-1.03068,0.944398
1771261869.419283,755402,1.57741,-2.0632,3.66275
1771261869.4332218,755416,-0.426842,-0.80008,1.84955
1771261869.4473972,755429,-0.988838,0.0777326,1.51189
1771261869.461288,755443,-1.28404,-0.0930042,2.48744
1771261869.475216,755458,1.36864,-0.186467,0.967763
1771261869.489172,755471,1.40102,-0.0873537,0.30864
1771261869.503137,755485,0.846506,0.547488,-1.31305
1771261869.517133,755500,0.78939,0.799775,-1.0794
1771261869.532923,755513,-0.26313,1.28022,-0.407752
1771261869.546911,755529,0.177151,1.02854,2.75439
1771261869.5609448,755543,1.02503,0.432798,3.90862
1771261869.574938,755557,1.85092,0.215788,3.74613
1771261869.588914,755571,2.00608,0.287259,2.93643
1771261869.60288,755585,-0.388816,1.84283,-1.73455
1771261869.616756,755599,-1.65911,1.16416,-1.45966
1771261869.630712,755613,-1.83397,0.385456,-0.156687
1771261869.6446888,755627,-2.20797,-0.400575,0.837801
1771261869.658606,755640,-0.99403,-0.728609,2.86435
1771261869.672616,755655,-0.322537,0.0844521,1.53755
1771261869.6865652,755669,0.427606,0.279318,2.62214
1771261869.700518,755682,-0.334754,0.091477,2.1029
1771261869.714457,755697,-2.18613,-0.598953,3.33059
1771261869.728318,755711,-3.32723,-0.693179,4.74887
1771261869.742203,755724,-3.65954,-0.269544,5.0036
1771261869.756117,755738,-3.32326,0.227089,4.77361
1771261869.770068,755753,-3.44849,0.841467,3.57234
1771261869.783989,755766,-2.18858,1.18538,1.36727
1771261869.7978802,755780,-1.45462,1.09803,0.223118
1771261869.8117619,755794,-2.54242,0.572228,-1.43492
1771261869.8256052,755808,-1.29213,-1.24342,-3.79668
1771261869.8395321,755822,0.327118,-3.5563,-4.93136
1771261869.8534908,755836,1.52701,-3.92954,-4.60058
1771261869.867418,755849,0.166003,-1.37567,-2.97919
1771261869.881294,755864,-0.31261,-0.718377,-1.06138
1771261869.89517,755878,2.93795,-2.0942,-2.06579
1771261869.908854,755891,4.85424,-2.68384,-4.1916
1771261869.922775,755905,5.0036,-3.86891,-3.82753
1771261869.936645,755919,4.79453,-3.16443,-2.61053
1771261869.9503958,755933,3.55493,-3.92893,-1.24784
1771261869.964328,755947,3.24522,-5.0036,2.19667
1771261869.978322,755961,3.82936,-5.0036,3.0447
1771261869.9942,755974,2.77409,-4.99733,0.492357
1771261870.008304,755990,-0.665079,-1.47448,-0.790917
1771261870.022488,756005,-2.55525,-0.0167988,-2.32343
1771261870.036225,756018,-1.79518,0.186008,-3.15313
1771261870.050095,756032,1.37002,-1.72188,-3.39977
1771261870.0639842,756047,4.56698,-3.94451,-2.23882
1771261870.077872,756060,4.59539,-3.58669,-2.18629
1771261870.091697,756074,3.87976,-3.10762,-1.74295
1771261870.105598,756088,2.71285,-2.62779,-0.166003
1771261870.119614,756102,2.79868,-2.98835,0.369268
1771261870.133646,756116,3.95947,-4.81866,0.939969
1771261870.14748,756130,4.36341,-4.99932,1.44103
1771261870.1614132,756143,4.91426,-5.00161,1.56717
1771261870.175186,756158,5.0036,-3.22231,2.41674
1771261870.189049,756172,5.0036,-2.65619,2.98072
1771261870.202966,756185,5.0036,-3.08685,3.17864
1771261870.216924,756199,5.0036,-2.84342,2.45262
1771261870.2307782,756214,5.0036,-2.43827,2.2576
1771261870.244708,756227,4.78597,-4.47596,1.12995
1771261870.258657,756241,4.71236,-5.0036,-0.259159
1771261870.272522,756255,4.67235,-4.076,-1.13468
1771261870.286509,756268,4.98237,-3.80905,-0.540005
1771261870.300461,756283,5.00146,-4.4613,0.56673
1771261870.31444,756297,2.90466,-5.0036,3.27637
1771261870.3282938,756310,1.08566,-5.00237,3.10258
1771261870.342241,756325,0.899652,-4.48131,-2.15467
1771261870.35615,756339,4.23238,-1.47325,2.09588
1771261870.370124,756352,4.76505,-0.0978911,1.60428
1771261870.384089,756366,4.44511,-0.465479,0.276722
1771261870.3980439,756380,4.18992,-0.784351,0.121868
1771261870.4119549,756394,2.69666,-0.101098,1.08597
1771261870.42583,756408,2.06014,0.100029,1.91873
1771261870.439533,756422,2.12367,0.149356,2.23439
1771261870.455585,756436,3.87166,-0.512669,2.36664
1771261870.469514,756452,4.41289,-1.05084,2.48271
1771261870.483546,756465,4.3153,-1.96668,3.37335
1771261870.497518,756480,3.6997,-2.31426,4.17893
1771261870.511453,756494,2.87763,-1.78479,3.62945
1771261870.525524,756507,2.55846,0.657749,2.65329
1771261870.5394292,756521,3.13557,1.08444,2.45308
1771261870.553306,756536,3.11007,0.86529,2.33595
1771261870.567173,756549,2.97675,1.05741,2.26646
1771261870.5810518,756563,2.61969,1.32756,2.47125
1771261870.594872,756577,1.5151,2.65757,3.13343
1771261870.608716,756591,1.73425,2.55693,3.12335
1771261870.622572,756605,1.71653,1.0455,3.70719
1771261870.636517,756619,1.50777,0.981049,4.09035
1771261870.650458,756632,0.624151,1.68767,3.3396
1771261870.664428,756646,0.396604,0.374002,1.18523
1771261870.678472,756661,0.980286,-1.79335,0.734107
1771261870.6923509,756674,1.61436,-0.0403171,1.35734
1771261870.706239,756688,1.43217,2.0351,1.66949
1771261870.720237,756703,0.672868,3.29516,1.56458
1771261870.73422,756716,0.293826,2.95368,0.803746
1771261870.748169,756730,2.10474,2.48866,0.229227
1771261870.7621272,756744,0.914465,4.29606,1.06642
1771261870.776095,756758,0.0305433,4.41121,1.86787
1771261870.790111,756772,0.0728457,4.07386,1.88757
1771261870.804113,756786,-0.818559,2.78967,-0.66233
1771261870.817997,756800,-1.01556,1.88925,-1.94057
1771261870.832329,756814,-0.863153,0.0392481,-2.63878
1771261870.846375,756829,-0.249997,0.0594066,-2.50669
1771261870.860228,756842,0.186314,0.540921,-2.61114
1771261870.87409,756856,0.103083,1.40453,-2.95796
1771261870.888051,756870,-0.220217,1.20997,-2.50256
1771261870.902016,756884,-0.812756,0.730289,-1.21348
1771261870.918002,756898,-0.779311,0.770301,-0.811076
1771261870.9320471,756914,-0.706313,0.687529,-0.22938
1771261870.9460428,756928,-0.39187,0.462578,0.00977384
1771261870.96002,756942,0.299018,0.156687,0.0971275
1771261870.973957,756957,1.25655,-0.415694,0.240223
1771261870.987999,756970,1.23914,-0.54367,0.408974
1771261871.001924,756984,0.870941,-1.2089,0.512974
1771261871.0159402,756999,0.494954,-1.10353,0.478307
1771261871.030025,757012,0.0497855,-0.207236,0.527635
1771261871.043874,757026,-0.851699,2.34145,1.08016
1771261871.057696,757040,-1.19668,3.06838,1.52533
1771261871.0716748,757054,-1.00212,1.3914,1.57848
1771261871.085662,757068,-0.507324,-0.0151189,1.34344
1771261871.0995378,757082,-0.187994,-1.29794,1.08826
1771261871.113489,757095,-0.269086,-1.60749,0.871857
1771261871.127448,757110,-0.642019,-0.811076,0.712574
1771261871.141449,757124,-1.85443,0.934929,0.437685
1771261871.155306,757137,-2.3978,1.01465,0.314748
1771261871.169203,757151,-2.15574,0.67638,-0.159741
1771261871.183179,757166,-0.374918,-1.27045,-2.1446
1771261871.197089,757179,0.560316,-1.76067,-3.2692
1771261871.210986,757193,1.11345,-1.33779,-4.80675
1771261871.22493,757207,0.730747,-0.881478,-4.92052
1771261871.238879,757221,0.170279,-0.359036,-4.51383
1771261871.252834,757235,-0.444862,0.576962,-3.098
1771261871.266814,757249,-0.49251,0.441961,-2.60015
1771261871.280709,757263,-0.211054,0.101556,-1.83366
1771261871.2946408,757277,0.295659,0.00946841,-1.60612
1771261871.3085551,757291,0.416152,-0.394161,-1.50884
1771261871.322516,757304,0.0594066,-0.406225,-1.48532
1771261871.3364658,757319,-0.381638,-0.360258,-1.46867
1771261871.350254,757333,-0.762818,-0.225104,-1.43263
1771261871.365998,757346,-1.14308,0.333227,-0.932027
1771261871.3800142,757362,-1.0597,0.624457,-0.391564
1771261871.394042,757377,-0.521832,0.410654,0.622013
1771261871.408055,757390,-0.276264,0.0555887,0.934471
1771261871.421995,757404,-0.0397062,-0.194102,1.20539
1771261871.4359128,757418,0.0149662,-0.0293215,1.28251
1771261871.449916,757432,0.0804815,0.0424551,1.36956
1771261871.4635851,757446,0.288023,-0.130114,1.82084
1771261871.4776042,757460,0.566425,0.0612392,2.20858
1771261871.491572,757474,1.10292,0.675006,2.74798
1771261871.505485,757488,1.25823,0.704786,2.80998
1771261871.519541,757502,1.24464,0.393397,2.65146
1771261871.533633,757515,1.04794,0.86132,2.43995
1771261871.547634,757530,0.468075,0.8546,2.38146
1771261871.5615911,757544,-0.912632,0.651029,2.56838
1771261871.5755122,757557,-1.49311,0.266948,2.52272
1771261871.589452,757572,-1.77472,0.267254,2.19652
1771261871.603513,757586,-1.59161,0.339336,0.514348
1771261871.6172411,757599,-1.29885,0.274431,-0.368199
1771261871.63101,757613,-0.492815,-0.936609,-1.94591
1771261871.644944,757628,-0.0167988,-1.46959,-2.62168
1771261871.658885,757641,0.454942,-1.67377,-3.18337
1771261871.6730611,757655,0.55772,-1.58443,-3.80905
1771261871.686987,757670,0.447153,-1.08261,-3.82234
1771261871.7009149,757683,-0.0105374,-0.296728,-3.71666
1771261871.714874,757697,-0.10797,-0.129809,-3.53477
1771261871.728826,757711,-0.204945,0.373849,-3.08869
1771261871.742676,757725,0.329409,0.808174,-1.95416
1771261871.756578,757739,0.433409,0.886213,-1.47341
1771261871.770514,757753,0.444557,0.338877,-1.0739
1771261871.7845702,757766,0.203571,-0.146149,-0.984256
1771261871.798502,757781,0.0369573,-0.253814,-0.83826
1771261871.8125591,757795,-0.162337,-0.237627,-0.349262
1771261871.828361,757808,-0.288939,-0.297339,-0.119271
1771261871.842357,757825,-0.551,-0.107054,0.374766
1771261871.856571,757839,-0.638049,0.274737,0.620944
1771261871.8705122,757852,-0.778242,0.655306,1.05389
1771261871.8845398,757867,-0.72922,0.663399,1.19775
1771261871.898459,757880,-0.583071,0.539394,1.28831
1771261871.912522,757894,0.0479529,-0.0453567,1.34207
1771261871.926368,757909,0.424704,-0.24908,1.30313
1771261871.9403672,757922,0.76404,-0.218842,0.964403
1771261871.954315,757936,0.658207,-0.142484,0.658665
1771261871.9683251,757950,0.445626,-0.11637,0.218537
1771261871.98233,757964,-0.197615,-0.440434,-0.899652
1771261871.996215,757978,-0.607963,-0.489303,-1.36727
1771261872.0101042,757992,-1.4815,-0.501978,-1.81274
1771261872.024024,758006,-1.71623,-0.56001,-1.77197
1771261872.0379179,758020,-1.75166,-0.482278,-1.5574
1771261872.051837,758034,-1.4563,-0.0230602,-0.761443
1771261872.0656362,758047,-1.28923,0.112705,-0.350636
1771261872.079586,758062,-1.21455,0.515876,0.293673
1771261872.093575,758076,-1.30985,0.68478,0.522442
1771261872.107557,758089,-1.42316,0.447306,0.607811
1771261872.121504,758104,-1.48944,1.04305,0.812145
1771261872.135545,758118,-1.47982,0.857502,0.841925
1771261872.149596,758131,-1.43034,0.257938,0.790154
1771261872.163451,758146,-1.16232,0.067806,0.81352
1771261872.1774452,758160,-2.19606,-0.865596,1.17668
1771261872.191164,758173,-3.92267,-1.1162,1.62276
1771261872.205009,758187,-4.00269,-1.40789,1.55603
1771261872.2188668,758201,-3.85486,-1.21043,1.48471
1771261872.232776,758214,-2.52165,-0.313832,1.03923
1771261872.246677,758229,-1.31626,-0.296422,0.626595
1771261872.260658,758243,1.12521,0.00778853,-0.611629
1771261872.276555,758256,2.04197,0.157756,-1.11177
1771261872.29055,758273,2.68292,0.509309,-1.63086
1771261872.3046021,758287,3.67894,1.10444,-1.66491
1771261872.3185291,758300,2.7915,0.369115,-1.34574
1771261872.3324318,758315,2.28066,1.33703,-0.627053
1771261872.346442,758329,2.46637,2.05785,-0.0160352
1771261872.360244,758342,3.19864,0.862083,0.217315
1771261872.3742652,758356,3.79271,-0.0280998,-0.00274889
1771261872.3881621,758371,4.22719,-0.716392,-0.297033
1771261872.402014,758384,3.92328,-1.27808,-0.709367
1771261872.4159229,758398,3.44085,-1.16309,-0.681114
1771261872.429887,758412,2.44606,-0.241139,-0.0169515
1771261872.443732,758426,2.03067,0.121104,0.261756
1771261872.457695,758440,1.76677,0.281151,0.419206
1771261872.4716108,758454,1.53694,-0.158061,0.153327
1771261872.485307,758467,1.49738,-0.441656,-0.0875064
1771261872.499317,758482,1.10933,-0.94791,-0.502437
1771261872.513335,758496,0.672715,-0.909578,-0.56337
1771261872.527333,758509,0.0817032,-0.615752,-0.533743
1771261872.5413601,758523,-1.21623,0.455553,-0.313832
1771261872.555279,758538,-1.63116,0.788016,-0.200211
1771261872.569159,758551,-1.46791,0.395382,-0.113468
1771261872.583082,758565,-1.04076,-0.100182,-0.121409
1771261872.597003,758579,-0.609643,-0.217926,-0.0250455
1771261872.610976,758593,-0.209832,-0.696997,-0.0487165
1771261872.6248598,758607,-0.170584,-0.612698,-0.0381791
1771261872.638829,758621,-0.188452,-0.4835,-0.121104
1771261872.652769,758635,-0.161421,-0.21029,-0.460745
1771261872.666574,758649,-0.782366,-1.15011,-1.02335
1771261872.680583,758663,-0.373697,-1.38086,-0.703564
1771261872.694556,758676,-0.118813,-0.0366519,-0.633314
1771261872.708433,758691,0.15516,0.476322,-0.430202
1771261872.724189,758705,0.838412,0.0763581,1.06153
1771261872.738216,758720,0.838718,0.44868,1.40697
1771261872.752425,758734,0.372628,1.3297,0.949743
1771261872.76645,758749,-0.114385,1.19119,0.578489
1771261872.780363,758762,-0.846201,0.783893,0.420123
1771261872.794235,758776,-1.18325,0.727846,0.45204
1771261872.808167,758791,-1.61711,0.619112,0.430354
1771261872.822162,758804,-2.24203,0.230296,0.246942
1771261872.8364532,758818,-2.30617,-0.0282525,0.138361
1771261872.85049,758833,-1.86146,-0.385456,0.00412334
1771261872.864338,758846,-1.37933,-0.203265,0.142179
1771261872.8783731,758860,-0.796263,-0.0375682,0.364381
1771261872.892431,758875,0.0759,-0.595593,0.677602
1771261872.906351,758888,0.206778,-0.807106,0.757625
1771261872.9203572,758902,0.0653626,-0.586125,0.677755
1771261872.9343581,758917,-0.0581849,-0.405767,0.499382
1771261872.948323,758930,-0.127518,-0.318108,-0.0502437
1771261872.96227,758944,-0.0207694,-0.252593,-0.318566
1771261872.976207,758959,0.138208,-0.218384,-0.558025
1771261872.990148,758972,0.415694,-0.0876591,-1.00274
1771261873.0037172,758986,0.54932,-0.0251982,-1.20508
1771261873.0177689,759001,0.627511,-0.034972,-1.34436
1771261873.031766,759014,0.73426,0.109039,-1.36391
1771261873.045679,759028,0.790459,0.131641,-1.29656
1771261873.059704,759042,0.825278,0.195935,-1.15087
1771261873.0736482,759056,0.643852,0.2277,-1.0878
1771261873.087672,759070,0.362243,0.327118,-1.00044
1771261873.101726,759084,-0.493579,0.677144,-0.610865
1771261873.1156359,759097,-0.920116,1.15148,-0.125227
1771261873.1294332,759112,-1.14827,2.01448,1.08719
1771261873.1432261,759126,-1.00732,1.99157,1.58764
1771261873.15713,759139,-0.666759,1.68034,1.92499
1771261873.171034,759153,0.433103,0.841314,2.0467
1771261873.1870239,759168,1.02824,0.46441,1.99997
1771261873.200982,759183,1.48837,-0.122326,1.85795
1771261873.215161,759197,1.37032,-0.0279471,1.82465
1771261873.229109,759212,0.862542,0.481056,1.77365
1771261873.243072,759225,0.452346,0.752433,1.74448
1771261873.256931,759239,0.154243,1.13071,1.73822
1771261873.270862,759253,-0.379194,0.848186,1.51204
1771261873.284776,759267,-0.551,-0.0105374,1.31535
1771261873.298708,759281,-1.071,-1.71149,0.829249
1771261873.3128,759295,-1.3801,-1.89994,0.366519
1771261873.326664,759309,-1.75196,-1.52396,-0.1996
1771261873.340526,759323,-2.20797,-0.481667,-1.18004
1771261873.354507,759337,-2.25409,-0.395688,-1.45462
1771261873.368475,759350,-1.84665,0.0366519,-1.30359
1771261873.382452,759365,-1.05741,0.362396,-1.12781
1771261873.396336,759379,-0.0600175,0.478307,-1.09391
1771261873.4102669,759392,1.23975,-0.216246,-1.66369
1771261873.424146,759406,1.31855,-0.412792,-2.00074
1771261873.438099,759421,0.824515,-0.0606284,-1.98501
1771261873.452128,759434,0.476627,0.143095,-1.72875
1771261873.466042,759448,0.151495,0.281761,-1.46256
1771261873.4800372,759463,-0.165697,0.117286,-1.23609
1771261873.4940438,759476,0.00519235,0.0397062,-1.28068
1771261873.507974,759490,0.559552,-0.0540616,-1.28282
1771261873.521801,759505,0.872468,-0.164475,-1.19455
1771261873.535775,759518,1.09895,-0.412639,-1.0597
1771261873.549738,759532,1.15301,-0.884075,-0.641561
1771261873.563637,759546,1.06016,-0.678366,-0.483042
1771261873.577584,759560,0.8546,-0.203265,-0.373544
1771261873.591767,759574,0.274889,-0.0876591,-0.339947
1771261873.60575,759588,0.0697913,-0.109345,-0.274584
1771261873.619704,759602,-0.173486,-0.203113,0.0187841
1771261873.635468,759616,-0.394771,-0.278554,0.145539
1771261873.649475,759631,-1.12414,-0.105374,0.111941
1771261873.6634371,759645,-1.45493,0.175318,0.10797
1771261873.6773398,759660,-1.66232,0.477544,0.204029
1771261873.691199,759673,-1.40285,0.486707,0.267101
1771261873.7051399,759687,-1.13697,0.271224,0.393245
1771261873.7192519,759701,-0.264657,0.106596,0.640645
1771261873.733196,759715,0.200669,-0.0568105,0.665843
1771261873.746892,759729,0.470213,-0.323911,0.574213
1771261873.761009,759743,0.45372,-0.425162,0.26145
1771261873.774945,759757,0.331852,-0.190743,0.16081
1771261873.789057,759771,0.183718,0.076969,-0.0172569
1771261873.8028438,759785,0.221897,0.152258,-0.0476475
1771261873.817038,759799,0.286038,0.167682,-0.031765
1771261873.830708,759813,0.379653,0.150578,-0.0140499
1771261873.844688,759827,0.372322,0.0945314,-0.100335
1771261873.858915,759840,0.273515,-0.121562,-0.348957
1771261873.8729012,759855,0.142637,-0.225715,-0.458912
1771261873.886875,759869,-0.0426078,-0.264352,-0.553749
1771261873.900804,759882,-0.350636,-0.128282,-0.654237
1771261873.914787,759897,-0.394924,-0.126296,-0.70051
1771261873.928473,759911,-0.325591,-0.245415,-0.668134
1771261873.942711,759924,-0.195477,-0.197309,-0.535118
1771261873.956674,759939,-0.0161879,-0.158672,-0.367283
1771261873.9705758,759953,0.397673,-0.458607,-0.0630718
1771261873.98458,759966,0.516334,-0.648433,0.0723875
1771261873.9985018,759981,0.742659,-1.0203,0.429744
1771261874.0124822,759995,0.554207,-0.873079,0.71517
1771261874.0265589,760008,0.278249,-0.686307,0.95356
1771261874.040264,760022,-0.560774,-0.0801761,1.26541
1771261874.0542321,760037,-0.960585,0.0413861,1.30756
1771261874.068306,760050,-1.63208,0.169515,1.40041
1771261874.082176,760064,-1.85398,0.257174,1.51204
1771261874.098156,760078,-1.89002,0.19059,1.61284
1771261874.112158,760094,-1.51999,-0.46441,1.45508
1771261874.126156,760108,-1.10887,-0.655,1.26144
1771261874.140191,760123,-0.285732,-0.541226,0.900873
1771261874.154231,760136,0.053298,-0.435852,0.770148
1771261874.168181,760150,0.370184,-0.345597,0.629496
1771261874.182219,760165,0.367283,-0.279929,0.583987
1771261874.1961532,760178,0.270766,-0.220828,0.545655
1771261874.210165,760192,-0.162796,-0.278249,0.39019
1771261874.224143,760207,-0.31765,-0.324369,0.295048
1771261874.238005,760220,-0.16417,-0.371406,-0.033903
1771261874.2519948,760234,0.126449,-0.514807,-0.324064
1771261874.26588,760248,0.398284,-0.533743,-0.620333
1771261874.279857,760262,0.89171,-0.135459,-1.07497
1771261874.293667,760276,1.02167,-0.0183259,-1.2257
1771261874.307704,760290,1.22998,0.243124,-1.16187
1771261874.321389,760303,1.24907,0.323911,-1.02182
1771261874.3356469,760318,1.16797,0.312457,-0.894154
1771261874.349586,760332,0.864832,0.248164,-0.623693
1771261874.36341,760345,0.657902,0.24007,-0.487012
1771261874.3773818,760359,0.0968221,0.377515,-0.236558
1771261874.3913002,760374,-0.13042,0.459676,-0.137445
1771261874.4052439,760387,-0.319024,0.516944,-0.101556
1771261874.419211,760401,-0.257785,0.394161,-0.255189
1771261874.4331038,760416,-0.114995,0.269697,-0.393397
1771261874.447047,760429,-0.0244346,0.225867,-0.762512
1771261874.4609091,760443,-0.100029,0.26985,-0.961807
1771261874.4747908,760457,-0.207847,0.404851,-1.12033
1771261874.488767,760471,-0.547488,0.370032,-1.27396
1771261874.502677,760485,-0.727235,0.423177,-1.2312
1771261874.516691,760499,-0.986547,0.659734,-0.967916
1771261874.530659,760512,-0.983035,0.776562,-0.783435
1771261874.546508,760527,-0.879951,0.920268,-0.536034
1771261874.5603101,760543,-0.39523,0.828944,-0.163254
1771261874.574403,760556,-0.183565,0.530536,-0.137445
1771261874.588407,760571,-0.0239765,0.265268,-0.20128
1771261874.602379,760585,-0.0751364,0.389274,-0.242513
1771261874.616334,760598,-0.175929,0.732274,-0.32101
1771261874.63051,760613,-0.208152,0.951728,-0.374918
1771261874.644507,760627,-0.217315,1.28679,-0.405767
1771261874.658273,760640,-0.179594,1.67744,-0.343001
1771261874.672315,760654,-0.0890336,1.55648,-0.196699
1771261874.686264,760669,0.0160352,0.975093,0.153938
1771261874.700192,760682,0.353844,0.640034,0.280998
1771261874.714101,760696,0.505491,0.30024,0.349262
1771261874.72809,760711,0.604146,0.085063,0.367894
1771261874.742101,760724,0.481362,0.219911,0.347582
1771261874.756107,760738,0.27046,0.653167,0.297339
1771261874.7701209,760753,-0.0768163,0.775035,0.279165
1771261874.7841122,760766,-0.0679587,0.682795,0.278554
1771261874.798065,760780,0.0178678,0.268933,0.479071
1771261874.812002,760795,0.112705,0.237474,0.668286
1771261874.826027,760808,0.222813,0.257632,0.938289
1771261874.8404381,760822,0.300546,0.225409,0.95356
1771261874.8544471,760837,0.209069,0.228158,0.923934
1771261874.8683589,760850,-0.0192422,0.23274,0.736092
1771261874.882314,760865,-0.244193,0.394466,0.761443
1771261874.89622,760879,-0.772592,0.748615,1.14049
1771261874.9101949,760892,-0.835663,0.472046,1.34726
1771261874.924192,760906,-0.744339,-0.0416915,1.5516
1771261874.938123,760921,-0.346819,-0.815047,1.76662
1771261874.952088,760934,-0.208916,-0.929889,1.75502
1771261874.9659688,760948,-0.100029,-0.868803,1.56473
1771261874.97992,760963,-0.0954477,-0.633925,1.51372
1771261874.99574,760976,-0.135917,-0.336587,1.54396
1771261875.009872,760992,-0.352011,0.345291,1.80312
1771261875.023844,761005,-0.473421,0.74892,2.02044
1771261875.037941,761020,-0.14279,0.596968,2.1194
1771261875.052114,761034,0.288939,-0.00839939,1.92621
1771261875.065682,761048,1.04061,-1.04412,1.36421
1771261875.0796092,761062,1.10063,-1.16156,1.14858
1771261875.093583,761076,0.945314,-0.996626,1.04763
1771261875.107583,761089,0.421955,-0.323606,0.965167
1771261875.1217349,761104,0.145691,-0.0870483,0.896139
1771261875.135742,761118,-0.139888,0.341321,0.791376
1771261875.149761,761131,-0.760985,0.501673,0.74999
1771261875.16368,761146,-1.03419,0.615141,0.727387
1771261875.177551,761160,-1.20386,0.281761,0.538172
1771261875.191489,761173,-1.02305,-0.183565,0.314595
1771261875.205539,761187,-0.634689,-0.88942,-0.0804815
1771261875.219502,761202,-0.0250455,-0.833983,-0.20861
1771261875.233492,761215,0.294284,-0.629191,-0.266948
1771261875.247481,761229,0.315512,-0.433714,-0.251982
1771261875.261356,761244,0.148135,-0.481056,-0.233809
1771261875.275285,761257,-0.113468,-0.421955,-0.183565
1771261875.2892742,761271,-0.488845,-0.454789,-0.240528
1771261875.303243,761286,-0.525038,-0.395382,-0.372017
1771261875.317204,761299,-0.159894,-0.851393,-0.829402
1771261875.331156,761313,0.0308487,-0.898125,-0.956157
1771261875.3451068,761327,0.252287,-0.913854,-1.12827
1771261875.3590882,761341,0.189063,-0.910189,-1.15683
1771261875.3730931,761355,-0.041997,-1.03557,-1.21776
1771261875.387089,761369,-0.0870483,-0.369115,-1.16431
1771261875.401033,761383,0.0117592,-0.190284,-1.19928
1771261875.415002,761397,0.22037,-0.259923,-1.3775
1771261875.428812,761411,0.788169,-0.770606,-1.43645
1771261875.4425569,761425,1.00044,-0.92653,-1.40132
1771261875.458817,761439,0.84727,-0.788932,-1.21761
1771261875.472724,761455,0.603993,-0.544128,-1.12857
1771261875.486861,761468,0.0207694,-0.0410807,-1.00701
1771261875.5008261,761483,-0.160505,0.111025,-0.975552
1771261875.514851,761497,-0.261756,0.16982,-0.939052
1771261875.528757,761511,-0.169362,0.374002,-0.752128
1771261875.542778,761525,0.0322231,0.472046,-0.576504
1771261875.556649,761539,-0.137139,0.655,-0.214108
1771261875.570291,761552,-0.348651,0.807258,-0.12202
1771261875.584341,761567,-0.626137,0.942259,-0.0558941
1771261875.598291,761581,-0.780227,1.29717,0.0592539
1771261875.612362,761594,-0.589485,1.21776,0.00870483
1771261875.626352,761609,0.0322231,0.553596,-0.306654
1771261875.640337,761623,0.255342,0.274737,-0.548862
1771261875.654285,761636,0.39019,-0.113468,-0.797943
1771261875.6684642,761651,0.186619,-0.500604,-1.04687
1771261875.682525,761665,0.0128282,-0.330783,-0.974788
1771261875.696318,761678,-0.310014,0.15852,-0.655
1771261875.710314,761692,-0.519693,0.317039,-0.467006
1771261875.724274,761707,-0.657749,0.474642,-0.2839
1771261875.7383308,761720,-0.548557,0.411418,-0.0965167
1771261875.752387,761734,-0.294284,0.0960585,-0.130878
1771261875.7662542,761749,0.527482,-0.48747,-0.34743
1771261875.780239,761762,0.830776,-0.699593,-0.380874
1771261875.794236,761776,0.957836,-0.893848,-0.328187
1771261875.8081338,761791,0.504575,-0.87705,-0.01237
1771261875.822123,761804,-0.0603229,-0.566272,0.212734
1771261875.836009,761818,-1.27075,0.638049,0.75732
1771261875.850004,761832,-1.63422,1.02182,0.974635
1771261875.863887,761846,-1.6307,1.13483,1.10093
1771261875.8778958,761860,-0.76969,0.401491,0.984715
1771261875.891825,761874,-0.281303,-0.0125227,0.823904
1771261875.907752,761888,0.27153,-0.363465,0.530231
1771261875.921818,761904,0.240375,-0.320246,0.522442
1771261875.935929,761918,-0.186772,-0.164323,0.822377
1771261875.949911,761932,-0.429438,-0.340405,1.00411
1771261875.963804,761946,-0.600786,-0.424704,1.14003
1771261875.9777138,761960,-0.603535,-0.532521,1.11223
1771261875.991646,761974,-0.510683,-0.443794,0.979369
1771261876.005549,761988,-0.28955,-0.402866,0.57574
1771261876.0195389,762002,-0.210443,-0.417832,0.391564
1771261876.033515,762015,-0.173333,-0.432645,0.279165
1771261876.047562,762030,0.0358883,-0.484416,0.388663
1771261876.061504,762044,0.175318,-0.532827,0.614989
1771261876.075497,762057,0.250913,-0.783587,0.994641
1771261876.0894542,762072,0.20128,-0.846354,1.02717
1771261876.103512,762086,0.105527,-0.788321,0.983187
1771261876.1175199,762099,-0.0696386,-0.644157,0.812145
1771261876.131453,762114,-0.114843,-0.540463,0.750448
1771261876.145324,762128,-0.087201,-0.145691,0.717614
1771261876.159256,762141,0.0221439,-0.0972803,0.661567
1771261876.173227,762155,0.179136,-0.128893,0.564134
1771261876.18717,762170,0.451735,-0.317192,0.339183
1771261876.201157,762183,0.491288,-0.458912,0.187077
1771261876.215127,762197,0.224798,-0.453109,-0.0361938
1771261876.2291572,762212,-0.0065668,-0.289703,-0.0652099
1771261876.243125,762225,-0.172111,-0.0503964,-0.0284052
1771261876.25706,762239,-0.431729,0.0180205,0.0513127
1771261876.271017,762254,-0.33567,0.0412334,0.0262672
1771261876.284941,762267,0.16982,-0.481667,-0.400117
1771261876.29892,762281,0.404545,-0.73762,-0.667981
1771261876.312973,762295,0.529162,-0.87598,-0.852768
1771261876.326981,762309,0.636216,-1.04779,-0.975857
1771261876.340886,762323,0.557567,-0.915381,-0.922406
1771261876.356694,762337,0.732733,-1.12109,-0.84223
1771261876.370858,762353,0.842994,-1.34497,-0.894917
1771261876.384819,762367,1.32634,-1.05832,-1.06138
1771261876.398805,762380,1.35368,-0.986853,-1.18615
1771261876.4127429,762395,1.20997,-0.948979,-1.26968
1771261876.4266722,762409,0.363923,-0.587194,-1.2848
1771261876.440616,762422,-0.173791,-0.128282,-1.17958
1771261876.454648,762437,-0.706465,0.984409,-0.744492
1771261876.4685051,762451,-0.615294,1.40927,-0.430202
1771261876.482506,762464,-0.353385,1.49754,-0.192728
1771261876.496557,762478,0.397368,0.884533,-0.233656
1771261876.510512,762493,0.719905,0.490219,-0.424551
1771261876.5244858,762506,0.980591,0.0171042,-0.931417
1771261876.538433,762520,0.850019,-0.10568,-1.15133
1771261876.5522711,762535,0.504117,-0.170431,-1.25365
1771261876.56619,762548,-0.403171,0.16982,-1.1191
1771261876.580149,762562,-0.713796,0.333838,-1.02915
1771261876.593885,762576,-1.16752,0.654084,-0.886671
1771261876.607834,762590,-1.19592,0.769079,-0.845437
1771261876.621815,762604,-1.07573,0.764192,-0.855517
1771261876.635753,762618,-0.660345,0.527024,-0.865901
1771261876.6498072,762632,-0.394466,0.497702,-0.737314
1771261876.663817,762646,0.0865901,0.487012,-0.247706
1771261876.677839,762660,0.115301,0.328187,0.0232129
1771261876.691833,762673,0.0873537,0.179442,0.26481
1771261876.7058718,762688,-0.0639881,0.300851,0.693026
1771261876.7198532,762702,-0.0969748,0.341168,0.82085
1771261876.733854,762716,-0.27153,0.277333,0.90011
1771261876.747911,762730,-0.288634,0.148288,0.869261
1771261876.761854,762744,-0.217163,0.0210748,0.734413
1771261876.775796,762757,-0.0497855,-0.253509,0.350636
1771261876.789818,762772,-0.030696,-0.22098,0.219148
1771261876.8038468,762786,0.296728,0.0885754,0.252287
1771261876.81984,762799,0.455553,0.110414,0.330173
1771261876.833846,762816,0.423788,0.10797,0.504575
1771261876.848004,762830,0.320704,0.229533,0.624915
1771261876.862082,762844,0.27718,0.345597,0.756098
1771261876.8760278,762858,0.178678,0.0219911,0.769384
1771261876.890031,762872,0.25977,-0.430507,0.627511
1771261876.904095,762886,0.483958,-0.511905,0.267254
1771261876.9180229,762900,0.435699,-0.331241,0.151189
1771261876.932074,762914,0.284358,-0.175318,0.0583376
1771261876.946093,762928,-0.310625,0.452498,0.0465785
1771261876.960015,762942,-0.610407,0.866817,0.0800233
1771261876.973907,762956,-0.704327,0.766483,0.168904
1771261876.987909,762970,-0.327882,0.462578,0.210443
1771261877.001914,762984,0.152869,0.0560469,0.249691
1771261877.015893,762998,0.515265,-0.525038,0.285121
1771261877.029805,763012,0.402866,-0.558483,0.3036
1771261877.043788,763026,-0.310625,-0.321315,0.379347
1771261877.057717,763040,-0.678366,-0.373697,0.483805
1771261877.071697,763053,-0.940427,-0.521832,0.541379
1771261877.085535,763068,-1.21822,-1.15484,0.433256
1771261877.099444,763082,-1.33795,-1.66155,0.234114
1771261877.113458,763095,-1.64689,-2.65115,-0.700815
1771261877.12706,763110,-1.74601,-2.65161,-1.13819
1771261877.140948,763124,-1.43584,-1.94332,-0.819323
1771261877.154887,763137,-1.60352,0.506865,0.461967
1771261877.168931,763151,-1.82252,1.24494,1.02686
1771261877.1828601,763165,-1.97157,1.57848,1.5235
1771261877.1967008,763179,-1.77075,1.56672,1.44882
1771261877.21061,763193,-1.83626,1.29167,1.00518
1771261877.224353,763207,-1.37307,0.327424,0.122784
1771261877.238544,763220,-0.793514,-0.131031,-0.502437
1771261877.252497,763235,-0.165544,-0.18723,-0.773813
1771261877.2681851,763249,0.844827,0.659276,-0.545655
1771261877.28234,763264,0.766636,0.998765,-0.206778
1771261877.2963252,763278,0.392786,1.18859,0.142332
1771261877.310306,763293,0.425926,1.611,0.116675
1771261877.3242502,763306,0.632856,2.26723,0.454942
1771261877.338197,763320,0.519235,1.63971,0.589943
1771261877.352226,763335,0.618196,0.583223,0.335518
1771261877.36626,763348,-0.0285579,-0.96028,-0.24679
1771261877.3802938,763362,0.0335976,-1.22463,-0.451582
1771261877.394142,763377,0.126755,-0.914312,-0.409432
1771261877.408112,763390,-0.0343612,-0.429744,-0.13042
1771261877.422057,763404,-0.308487,0.14676,0.198684
1771261877.435931,763419,-0.611171,0.822835,0.513737
1771261877.4499002,763432,-0.55604,0.915229,0.540157
1771261877.4637902,763446,-0.100945,0.802524,0.617584
1771261877.477813,763460,0.0960585,0.715934,0.624762
1771261877.491703,763474,0.313985,0.760985,0.687376
1771261877.5056388,763488,0.569784,1.16309,0.770606
1771261877.519584,763502,0.362396,1.25548,0.642019
1771261877.5335412,763515,-0.158061,1.38361,0.3992
1771261877.547519,763530,-0.068875,1.30389,0.349568
1771261877.561441,763544,0.182496,1.15438,0.32666
1771261877.575525,763557,0.73762,0.436463,0.0691805
1771261877.589563,763572,0.662483,0.134848,-0.068875
1771261877.6036181,763586,-0.437838,0.29459,0.133932
1771261877.617603,763600,-1.06153,0.474489,0.34972
1771261877.631336,763614,-1.237,0.458149,0.363006
1771261877.6454132,763628,0.189979,-0.176082,-0.302684
1771261877.6595001,763641,1.1162,-0.564897,-0.570395
1771261877.6734521,763656,1.40606,-0.488845,-0.536798
1771261877.687445,763670,0.498924,0.0664316,-0.193186
1771261877.701298,763683,-0.526108,0.874606,0.192117
1771261877.715174,763698,-1.88101,1.98363,0.622472
1771261877.731065,763712,-2.12718,2.22721,0.615752
1771261877.7451038,763727,-2.70491,2.27043,0.0830777
1771261877.759211,763741,-2.80479,2.22156,-0.376598
1771261877.7731972,763755,-2.48928,1.37613,-0.996321
1771261877.787076,763769,-2.29823,0.714865,-1.1075
1771261877.801033,763783,-2.03189,0.0485638,-1.07726
1771261877.8150349,763797,-1.91995,-0.222966,-0.76633
1771261877.82894,763811,-2.09695,0.110261,-0.454331
1771261877.8428118,763825,-2.54334,1.51953,0.281303
1771261877.8568268,763839,-1.11941,0.99006,0.622472
1771261877.870709,763853,0.183107,1.02244,1.02946
1771261877.884691,763867,-0.714712,1.91766,0.498924
1771261877.898682,763880,-0.436616,1.52609,0.103542
1771261877.912761,763895,0.144775,0.403171,-0.578948
1771261877.926612,763909,0.372628,0.28451,-0.806953
1771261877.9406312,763922,0.468992,0.558331,-0.864374
1771261877.954495,763937,2.07587,2.66795,-2.09481
1771261877.9684129,763951,3.65694,3.22827,-3.94405
1771261877.982414,763964,5.0036,4.96114,-4.8912
1771261877.99615,763978,5.0036,5.0036,-5.0036
1771261878.010048,763993,4.54636,5.0036,-5.0036
1771261878.0239701,764006,2.83548,5.0036,-4.77238
1771261878.037888,764020,2.02914,4.98298,-3.47368
1771261878.0518029,764034,-0.208458,2.8535,-1.76173
1771261878.0657191,764047,-0.188299,1.75318,-1.04229
1771261878.07969,764062,0.317192,1.24937,-0.861167
1771261878.093573,764076,0.878729,-1.02671,-3.70199
1771261878.107552,764089,-0.267712,-0.834289,-4.84447
1771261878.121469,764104,-2.46163,0.96929,-5.0036
1771261878.135263,764118,0.372322,0.435852,-5.0036
1771261878.149302,764131,-0.166766,1.19088,-4.83836
1771261878.163229,764145,-1.00671,3.46819,-0.136528
1771261878.1790972,764160,0.418443,3.28691,4.53048
1771261878.19326,764175,-0.190895,1.69133,0.346208
1771261878.207268,764189,0.250455,1.07619,-0.776868
1771261878.22125,764204,0.313679,1.6756,0.476322
1771261878.235229,764217,-0.230296,-1.9734,0.518777
1771261878.249175,764231,-0.577115,-2.277,-1.16293
1771261878.2631302,764246,-0.500299,-0.903164,-1.13713
1771261878.277024,764259,-0.629649,0.107512,-1.5516
1771261878.291062,764273,-0.398589,0.871094,-1.52838
1771261878.304971,764287,-0.707534,1.63681,-2.52562
1771261878.318785,764301,-1.07207,1.47768,-1.06642
1771261878.332671,764315,-0.477697,1.26083,1.5687
1771261878.346647,764329,-0.485638,1.45386,1.42759
1771261878.3606,764342,-0.544586,1.34009,1.2538
1771261878.374583,764357,-0.354607,1.57191,0.618501
1771261878.388725,764371,-0.091477,1.37154,0.381027
1771261878.402542,764384,0.155923,0.53863,-0.176235
1771261878.416607,764399,-0.102473,0.507629,-0.0803288
1771261878.430462,764413,-0.508087,0.745561,0.282067
1771261878.4447732,764426,-0.607047,0.198837,0.294895
1771261878.458556,764440,-0.241597,0.0487165,-0.000458149
1771261878.472526,764455,0.00244346,0.0568105,0.00763582
1771261878.486582,764468,0.0917825,0.0842994,-0.00198531
1771261878.50049,764483,0.444862,0.165239,-0.177304
1771261878.5144792,764497,-0.597273,2.34618,0.100029
1771261878.528405,764510,-1.55771,2.92085,0.70952
1771261878.54217,764524,-2.80036,2.23302,3.9636
1771261878.5560331,764539,-2.55769,2.14612,4.75284
1771261878.569906,764552,-1.85107,2.46117,4.52911
1771261878.583856,764566,-1.51357,2.22141,4.99917
1771261878.597683,764580,-1.46638,1.36727,5.0036
1771261878.611722,764593,-0.90408,0.660498,5.0036
1771261878.625648,764608,-0.84559,0.882547,5.0036
1771261878.641267,764622,-0.90744,1.23318,4.84263
1771261878.655506,764637,-1.93003,1.83825,1.87581
1771261878.669447,764652,-1.97157,1.28205,1.59314
1771261878.683379,764666,0.360869,-0.458149,-1.05542
1771261878.697312,764679,0.686765,-0.435394,-2.3532
1771261878.711294,764693,0.331547,-0.0571159,-2.28021
1771261878.72525,764708,0.171042,-0.25412,-1.41263
1771261878.739203,764721,0.118966,-0.307723,-0.408669
1771261878.753199,764735,0.286343,0.128587,0.271224
1771261878.7672052,764750,0.0749837,0.313679,0.273973
1771261878.781185,764763,-0.506865,0.454942,0.0930042
1771261878.795137,764777,-0.509309,0.445932,0.116828
1771261878.809082,764792,-0.335365,0.354454,0.128129
1771261878.823093,764805,0.0433714,-0.0444404,-0.0438296
1771261878.837091,764819,0.0256563,-0.00839939,-0.0160352
1771261878.851209,764834,0.0131336,0.0158825,-0.0109956
1771261878.86514,764847,0.0148135,0.023671,-0.0189368
1771261878.879196,764861,0.00397062,0.0404698,-0.0152716
1771261878.893121,764876,-0.0207694,0.0681114,-0.00503964
1771261878.906968,764889,-0.0649044,0.100182,-0.0142026
1771261878.920971,764903,-0.0584903,0.0913243,-0.0146608
1771261878.934954,764917,0.0174097,0.0357356,-0.00503964
1771261878.948898,764931,0.0198531,0.0105374,-0.0186314
1771261878.962802,764945,0.0161879,0.0197004,-0.014508
1771261878.976841,764959,-0.000763581,0.0403171,-0.00702495
1771261878.990699,764973,-0.0786489,0.116675,-0.0018326
1771261879.0046349,764987,-0.0389426,0.10232,0.00137445
1771261879.0187259,765001,-0.0302378,0.0580322,-0.00977384
1771261879.0326889,765014,-0.0323759,0.0529926,-0.0143553
1771261879.0467389,765029,-0.030696,0.0671951,-0.00901026
1771261879.060744,765043,-0.00458149,0.0351248,-0.011301
1771261879.07466,765057,-0.013439,0.0424551,-0.0155771
1771261879.0887208,765071,-0.0216857,0.0555887,-0.00931569
1771261879.104631,765085,-0.0293215,0.0519235,-0.0146608
1771261879.118688,765100,0.0119119,0.0175624,-0.0154243
1771261879.132751,765115,0.0106901,0.010232,-0.0197004
1771261879.146474,765129,0.010232,0.0230602,-0.0157298
1771261879.160461,765143,0.000763581,0.0400117,-0.0148135
1771261879.174609,765157,-0.032834,0.0471893,-0.00916297
1771261879.188493,765171,-0.117897,0.101251,-0.0230602
1771261879.202643,765185,-0.0690278,0.0933096,0.000610865
1771261879.216704,765199,-0.0114537,0.0474948,-0.01237
1771261879.230717,765213,0.00778853,0.00427606,-0.0187841
1771261879.244669,765227,0.00305432,0.0155771,-0.0143553
1771261879.258631,765241,-0.0416915,0.0448986,-0.0268781
1771261879.272674,765255,0.0074831,0.0323759,-0.0244346
1771261879.286667,765269,0.0201585,-0.0125227,-0.0171042
1771261879.300622,765283,0.00946841,0.0154243,-0.0210748
1771261879.314665,765297,-0.00839939,0.0448986,-0.019395
1771261879.328639,765311,-0.0201585,0.0525344,-0.0152716
1771261879.342495,765325,-0.00106901,0.0219911,-0.00992656
1771261879.356478,765339,-0.0539089,0.0262672,-0.00855211
1771261879.370348,765352,-0.00901026,0.0536034,-0.0065668
1771261879.384531,765367,-0.0178678,0.0403171,-0.00229074
1771261879.398263,765380,-0.011301,0.0151189,-0.0111483
1771261879.412255,765394,-0.034972,0.0256563,-0.0256563
1771261879.426246,765408,-0.0172569,0.0416915,-0.029627
1771261879.440266,765422,-0.0653626,0.0881173,-0.0175624
1771261879.454196,765436,-0.106749,0.0956004,-0.0119119
1771261879.4682,765450,-0.0800233,0.0789543,0.00351247
1771261879.482204,765464,-0.0190895,0.0491747,-0.00626137
1771261879.496195,765478,-0.0158825,0.013439,-0.0111483
1771261879.51011,765492,0.00152716,0.0140499,-0.0154243
1771261879.524112,765506,-0.014508,0.0400117,-0.00977384
1771261879.538029,765520,-0.01237,0.0455095,-0.0117592
1771261879.5539489,765534,-0.0707076,0.0305433,-0.0241292
1771261879.568052,765550,-0.0326813,0.0195477,-0.0210748
1771261879.5821528,765564,0.0151189,0.0105374,-0.0175624
1771261879.596118,765578,0.0189368,0.00122173,-0.0152716
